url,src_ip,country
var/lib/cowrie/downloads/a8460f446be540410004b1a8db4083773fa46f7fe76fa84219c93daa1669f8f2,107.150.103.12,United States
var/lib/cowrie/downloads/a8460f446be540410004b1a8db4083773fa46f7fe76fa84219c93daa1669f8f2,49.247.37.22,South Korea
var/lib/cowrie/downloads/a8460f446be540410004b1a8db4083773fa46f7fe76fa84219c93daa1669f8f2,200.141.47.232,Brazil
var/lib/cowrie/downloads/a8460f446be540410004b1a8db4083773fa46f7fe76fa84219c93daa1669f8f2,177.229.197.38,Mexico
var/lib/cowrie/downloads/a8460f446be540410004b1a8db4083773fa46f7fe76fa84219c93daa1669f8f2,152.32.135.217,Hong Kong
var/lib/cowrie/downloads/a8460f446be540410004b1a8db4083773fa46f7fe76fa84219c93daa1669f8f2,152.32.135.217,Hong Kong
var/lib/cowrie/downloads/a8460f446be540410004b1a8db4083773fa46f7fe76fa84219c93daa1669f8f2,45.170.128.15,Paraguay
var/lib/cowrie/downloads/a8460f446be540410004b1a8db4083773fa46f7fe76fa84219c93daa1669f8f2,154.221.28.214,Seychelles
var/lib/cowrie/downloads/a8460f446be540410004b1a8db4083773fa46f7fe76fa84219c93daa1669f8f2,176.191.43.176,France
var/lib/cowrie/downloads/a8460f446be540410004b1a8db4083773fa46f7fe76fa84219c93daa1669f8f2,103.189.235.176,Indonesia
var/lib/cowrie/downloads/a8460f446be540410004b1a8db4083773fa46f7fe76fa84219c93daa1669f8f2,45.170.128.15,Paraguay
var/lib/cowrie/downloads/a8460f446be540410004b1a8db4083773fa46f7fe76fa84219c93daa1669f8f2,14.34.157.138,South Korea
var/lib/cowrie/downloads/a8460f446be540410004b1a8db4083773fa46f7fe76fa84219c93daa1669f8f2,49.204.74.149,India
var/lib/cowrie/downloads/a8460f446be540410004b1a8db4083773fa46f7fe76fa84219c93daa1669f8f2,102.88.137.213,Nigeria
var/lib/cowrie/downloads/a8460f446be540410004b1a8db4083773fa46f7fe76fa84219c93daa1669f8f2,45.8.93.197,Sweden
var/lib/cowrie/downloads/a8460f446be540410004b1a8db4083773fa46f7fe76fa84219c93daa1669f8f2,45.8.93.197,Sweden
var/lib/cowrie/downloads/a8460f446be540410004b1a8db4083773fa46f7fe76fa84219c93daa1669f8f2,45.8.93.197,Sweden
var/lib/cowrie/downloads/a8460f446be540410004b1a8db4083773fa46f7fe76fa84219c93daa1669f8f2,45.8.93.197,Sweden
var/lib/cowrie/downloads/a8460f446be540410004b1a8db4083773fa46f7fe76fa84219c93daa1669f8f2,45.8.93.197,Sweden
var/lib/cowrie/downloads/a8460f446be540410004b1a8db4083773fa46f7fe76fa84219c93daa1669f8f2,64.188.83.244,Germany
var/lib/cowrie/downloads/a8460f446be540410004b1a8db4083773fa46f7fe76fa84219c93daa1669f8f2,78.89.154.59,Kuwait
var/lib/cowrie/downloads/a8460f446be540410004b1a8db4083773fa46f7fe76fa84219c93daa1669f8f2,39.117.79.36,South Korea
var/lib/cowrie/downloads/a8460f446be540410004b1a8db4083773fa46f7fe76fa84219c93daa1669f8f2,170.80.65.140,Brazil
var/lib/cowrie/downloads/a8460f446be540410004b1a8db4083773fa46f7fe76fa84219c93daa1669f8f2,38.76.163.36,Hong Kong
var/lib/cowrie/downloads/a8460f446be540410004b1a8db4083773fa46f7fe76fa84219c93daa1669f8f2,147.93.179.237,United States
var/lib/cowrie/downloads/a8460f446be540410004b1a8db4083773fa46f7fe76fa84219c93daa1669f8f2,147.93.179.237,United States
var/lib/cowrie/downloads/a8460f446be540410004b1a8db4083773fa46f7fe76fa84219c93daa1669f8f2,147.93.179.237,United States
var/lib/cowrie/downloads/a8460f446be540410004b1a8db4083773fa46f7fe76fa84219c93daa1669f8f2,147.93.179.237,United States
var/lib/cowrie/downloads/a8460f446be540410004b1a8db4083773fa46f7fe76fa84219c93daa1669f8f2,131.100.242.102,Brazil
var/lib/cowrie/downloads/a8460f446be540410004b1a8db4083773fa46f7fe76fa84219c93daa1669f8f2,154.83.16.160,Seychelles
var/lib/cowrie/downloads/a8460f446be540410004b1a8db4083773fa46f7fe76fa84219c93daa1669f8f2,202.152.201.166,Indonesia
var/lib/cowrie/downloads/a8460f446be540410004b1a8db4083773fa46f7fe76fa84219c93daa1669f8f2,161.35.65.86,Germany
var/lib/cowrie/downloads/a8460f446be540410004b1a8db4083773fa46f7fe76fa84219c93daa1669f8f2,202.152.201.166,Indonesia
var/lib/cowrie/downloads/a8460f446be540410004b1a8db4083773fa46f7fe76fa84219c93daa1669f8f2,188.130.160.153,Kazakhstan
var/lib/cowrie/downloads/a8460f446be540410004b1a8db4083773fa46f7fe76fa84219c93daa1669f8f2,161.35.65.86,Germany
var/lib/cowrie/downloads/a8460f446be540410004b1a8db4083773fa46f7fe76fa84219c93daa1669f8f2,103.174.131.176,India
var/lib/cowrie/downloads/a8460f446be540410004b1a8db4083773fa46f7fe76fa84219c93daa1669f8f2,161.35.65.86,Germany
var/lib/cowrie/downloads/a8460f446be540410004b1a8db4083773fa46f7fe76fa84219c93daa1669f8f2,103.174.131.176,India
var/lib/cowrie/downloads/a8460f446be540410004b1a8db4083773fa46f7fe76fa84219c93daa1669f8f2,154.83.16.160,Seychelles
var/lib/cowrie/downloads/a8460f446be540410004b1a8db4083773fa46f7fe76fa84219c93daa1669f8f2,154.83.16.160,Seychelles
var/lib/cowrie/downloads/a8460f446be540410004b1a8db4083773fa46f7fe76fa84219c93daa1669f8f2,103.255.65.6,India
var/lib/cowrie/downloads/a8460f446be540410004b1a8db4083773fa46f7fe76fa84219c93daa1669f8f2,178.27.90.142,Germany
var/lib/cowrie/downloads/a8460f446be540410004b1a8db4083773fa46f7fe76fa84219c93daa1669f8f2,103.255.65.6,India
var/lib/cowrie/downloads/a8460f446be540410004b1a8db4083773fa46f7fe76fa84219c93daa1669f8f2,125.22.162.46,India
var/lib/cowrie/downloads/a8460f446be540410004b1a8db4083773fa46f7fe76fa84219c93daa1669f8f2,72.11.140.199,United States
var/lib/cowrie/downloads/a8460f446be540410004b1a8db4083773fa46f7fe76fa84219c93daa1669f8f2,43.128.142.30,South Korea
var/lib/cowrie/downloads/a8460f446be540410004b1a8db4083773fa46f7fe76fa84219c93daa1669f8f2,129.121.37.21,Brazil
var/lib/cowrie/downloads/a8460f446be540410004b1a8db4083773fa46f7fe76fa84219c93daa1669f8f2,129.121.37.21,Brazil
var/lib/cowrie/downloads/a8460f446be540410004b1a8db4083773fa46f7fe76fa84219c93daa1669f8f2,129.121.37.21,Brazil
var/lib/cowrie/downloads/a8460f446be540410004b1a8db4083773fa46f7fe76fa84219c93daa1669f8f2,72.11.140.199,United States
var/lib/cowrie/downloads/a8460f446be540410004b1a8db4083773fa46f7fe76fa84219c93daa1669f8f2,162.19.243.145,France
var/lib/cowrie/downloads/a8460f446be540410004b1a8db4083773fa46f7fe76fa84219c93daa1669f8f2,43.153.12.68,United States
var/lib/cowrie/downloads/a8460f446be540410004b1a8db4083773fa46f7fe76fa84219c93daa1669f8f2,185.228.135.197,Russia
var/lib/cowrie/downloads/a8460f446be540410004b1a8db4083773fa46f7fe76fa84219c93daa1669f8f2,154.221.35.72,India
var/lib/cowrie/downloads/a8460f446be540410004b1a8db4083773fa46f7fe76fa84219c93daa1669f8f2,43.162.82.212,United States
var/lib/cowrie/downloads/a8460f446be540410004b1a8db4083773fa46f7fe76fa84219c93daa1669f8f2,185.7.33.7,Sweden
var/lib/cowrie/downloads/a8460f446be540410004b1a8db4083773fa46f7fe76fa84219c93daa1669f8f2,185.7.33.7,Sweden
var/lib/cowrie/downloads/a8460f446be540410004b1a8db4083773fa46f7fe76fa84219c93daa1669f8f2,185.7.33.7,Sweden
var/lib/cowrie/downloads/a8460f446be540410004b1a8db4083773fa46f7fe76fa84219c93daa1669f8f2,138.68.10.159,United States
var/lib/cowrie/downloads/a8460f446be540410004b1a8db4083773fa46f7fe76fa84219c93daa1669f8f2,165.154.5.173,Hong Kong
var/lib/cowrie/downloads/a8460f446be540410004b1a8db4083773fa46f7fe76fa84219c93daa1669f8f2,43.133.148.170,Indonesia
var/lib/cowrie/downloads/a8460f446be540410004b1a8db4083773fa46f7fe76fa84219c93daa1669f8f2,165.154.5.173,Hong Kong
var/lib/cowrie/downloads/a8460f446be540410004b1a8db4083773fa46f7fe76fa84219c93daa1669f8f2,175.182.36.5,Taiwan
var/lib/cowrie/downloads/a8460f446be540410004b1a8db4083773fa46f7fe76fa84219c93daa1669f8f2,70.120.203.193,United States
var/lib/cowrie/downloads/a8460f446be540410004b1a8db4083773fa46f7fe76fa84219c93daa1669f8f2,162.19.243.145,France
var/lib/cowrie/downloads/a8460f446be540410004b1a8db4083773fa46f7fe76fa84219c93daa1669f8f2,162.19.243.145,France
var/lib/cowrie/downloads/a8460f446be540410004b1a8db4083773fa46f7fe76fa84219c93daa1669f8f2,162.19.243.145,France
var/lib/cowrie/downloads/a8460f446be540410004b1a8db4083773fa46f7fe76fa84219c93daa1669f8f2,103.189.234.9,Indonesia
var/lib/cowrie/downloads/a8460f446be540410004b1a8db4083773fa46f7fe76fa84219c93daa1669f8f2,162.19.243.145,France
var/lib/cowrie/downloads/a8460f446be540410004b1a8db4083773fa46f7fe76fa84219c93daa1669f8f2,162.19.243.145,France
var/lib/cowrie/downloads/a8460f446be540410004b1a8db4083773fa46f7fe76fa84219c93daa1669f8f2,70.120.203.193,United States
var/lib/cowrie/downloads/a8460f446be540410004b1a8db4083773fa46f7fe76fa84219c93daa1669f8f2,81.211.72.167,Russia
var/lib/cowrie/downloads/a8460f446be540410004b1a8db4083773fa46f7fe76fa84219c93daa1669f8f2,81.211.72.167,Russia
var/lib/cowrie/downloads/a8460f446be540410004b1a8db4083773fa46f7fe76fa84219c93daa1669f8f2,81.211.72.167,Russia
var/lib/cowrie/downloads/a8460f446be540410004b1a8db4083773fa46f7fe76fa84219c93daa1669f8f2,114.32.151.97,Taiwan
var/lib/cowrie/downloads/a8460f446be540410004b1a8db4083773fa46f7fe76fa84219c93daa1669f8f2,183.110.116.65,South Korea
var/lib/cowrie/downloads/a8460f446be540410004b1a8db4083773fa46f7fe76fa84219c93daa1669f8f2,114.32.151.97,Taiwan
var/lib/cowrie/downloads/a8460f446be540410004b1a8db4083773fa46f7fe76fa84219c93daa1669f8f2,114.32.151.97,Taiwan
var/lib/cowrie/downloads/a8460f446be540410004b1a8db4083773fa46f7fe76fa84219c93daa1669f8f2,197.140.11.157,Algeria
var/lib/cowrie/downloads/a8460f446be540410004b1a8db4083773fa46f7fe76fa84219c93daa1669f8f2,114.32.151.97,Taiwan
var/lib/cowrie/downloads/a8460f446be540410004b1a8db4083773fa46f7fe76fa84219c93daa1669f8f2,34.175.118.185,Spain
var/lib/cowrie/downloads/a8460f446be540410004b1a8db4083773fa46f7fe76fa84219c93daa1669f8f2,64.188.77.26,The Netherlands
var/lib/cowrie/downloads/a8460f446be540410004b1a8db4083773fa46f7fe76fa84219c93daa1669f8f2,172.172.196.177,United States
var/lib/cowrie/downloads/a8460f446be540410004b1a8db4083773fa46f7fe76fa84219c93daa1669f8f2,197.140.11.157,Algeria
var/lib/cowrie/downloads/a8460f446be540410004b1a8db4083773fa46f7fe76fa84219c93daa1669f8f2,197.140.11.157,Algeria
var/lib/cowrie/downloads/a8460f446be540410004b1a8db4083773fa46f7fe76fa84219c93daa1669f8f2,168.144.95.137,India
var/lib/cowrie/downloads/a8460f446be540410004b1a8db4083773fa46f7fe76fa84219c93daa1669f8f2,64.188.77.26,The Netherlands
var/lib/cowrie/downloads/a8460f446be540410004b1a8db4083773fa46f7fe76fa84219c93daa1669f8f2,168.144.95.137,India
var/lib/cowrie/downloads/a8460f446be540410004b1a8db4083773fa46f7fe76fa84219c93daa1669f8f2,172.172.196.177,United States
var/lib/cowrie/downloads/a8460f446be540410004b1a8db4083773fa46f7fe76fa84219c93daa1669f8f2,103.159.54.61,Vietnam
var/lib/cowrie/downloads/a8460f446be540410004b1a8db4083773fa46f7fe76fa84219c93daa1669f8f2,221.163.5.228,South Korea
var/lib/cowrie/downloads/a8460f446be540410004b1a8db4083773fa46f7fe76fa84219c93daa1669f8f2,165.154.6.69,Hong Kong
var/lib/cowrie/downloads/a8460f446be540410004b1a8db4083773fa46f7fe76fa84219c93daa1669f8f2,43.160.214.230,Singapore
var/lib/cowrie/downloads/a8460f446be540410004b1a8db4083773fa46f7fe76fa84219c93daa1669f8f2,103.118.82.254,Indonesia
var/lib/cowrie/downloads/a8460f446be540410004b1a8db4083773fa46f7fe76fa84219c93daa1669f8f2,43.160.214.230,Singapore
var/lib/cowrie/downloads/a8460f446be540410004b1a8db4083773fa46f7fe76fa84219c93daa1669f8f2,79.143.188.82,France
var/lib/cowrie/downloads/a8460f446be540410004b1a8db4083773fa46f7fe76fa84219c93daa1669f8f2,138.124.85.214,Switzerland
var/lib/cowrie/downloads/a8460f446be540410004b1a8db4083773fa46f7fe76fa84219c93daa1669f8f2,165.154.6.112,Hong Kong
var/lib/cowrie/downloads/a8460f446be540410004b1a8db4083773fa46f7fe76fa84219c93daa1669f8f2,43.156.24.132,Singapore
var/lib/cowrie/downloads/a8460f446be540410004b1a8db4083773fa46f7fe76fa84219c93daa1669f8f2,152.32.187.177,Hong Kong
var/lib/cowrie/downloads/a8460f446be540410004b1a8db4083773fa46f7fe76fa84219c93daa1669f8f2,43.156.24.132,Singapore
var/lib/cowrie/downloads/a8460f446be540410004b1a8db4083773fa46f7fe76fa84219c93daa1669f8f2,103.189.235.176,Indonesia
var/lib/cowrie/downloads/a8460f446be540410004b1a8db4083773fa46f7fe76fa84219c93daa1669f8f2,77.72.5.120,United Kingdom
var/lib/cowrie/downloads/a8460f446be540410004b1a8db4083773fa46f7fe76fa84219c93daa1669f8f2,188.130.160.153,Kazakhstan
var/lib/cowrie/downloads/a8460f446be540410004b1a8db4083773fa46f7fe76fa84219c93daa1669f8f2,190.181.27.27,Bolivia
var/lib/cowrie/downloads/a8460f446be540410004b1a8db4083773fa46f7fe76fa84219c93daa1669f8f2,31.216.62.250,Iran
var/lib/cowrie/downloads/a8460f446be540410004b1a8db4083773fa46f7fe76fa84219c93daa1669f8f2,103.255.65.6,India
var/lib/cowrie/downloads/a8460f446be540410004b1a8db4083773fa46f7fe76fa84219c93daa1669f8f2,103.255.65.6,India
var/lib/cowrie/downloads/a8460f446be540410004b1a8db4083773fa46f7fe76fa84219c93daa1669f8f2,185.228.135.197,Russia
var/lib/cowrie/downloads/a8460f446be540410004b1a8db4083773fa46f7fe76fa84219c93daa1669f8f2,43.153.12.68,United States
var/lib/cowrie/downloads/a8460f446be540410004b1a8db4083773fa46f7fe76fa84219c93daa1669f8f2,185.7.33.7,Sweden
var/lib/cowrie/downloads/a8460f446be540410004b1a8db4083773fa46f7fe76fa84219c93daa1669f8f2,185.7.33.7,Sweden
var/lib/cowrie/downloads/a8460f446be540410004b1a8db4083773fa46f7fe76fa84219c93daa1669f8f2,165.154.5.173,Hong Kong
var/lib/cowrie/downloads/a8460f446be540410004b1a8db4083773fa46f7fe76fa84219c93daa1669f8f2,165.154.5.173,Hong Kong
var/lib/cowrie/downloads/01ba4719c80b6fe911b091a7c05124b64eeece964e09c058ef8f9805daca546b,175.182.36.5,Taiwan
var/lib/cowrie/downloads/a8460f446be540410004b1a8db4083773fa46f7fe76fa84219c93daa1669f8f2,175.182.36.5,Taiwan
var/lib/cowrie/downloads/a8460f446be540410004b1a8db4083773fa46f7fe76fa84219c93daa1669f8f2,175.182.36.5,Taiwan
var/lib/cowrie/downloads/a8460f446be540410004b1a8db4083773fa46f7fe76fa84219c93daa1669f8f2,183.91.11.36,Vietnam
var/lib/cowrie/downloads/a8460f446be540410004b1a8db4083773fa46f7fe76fa84219c93daa1669f8f2,183.91.11.36,Vietnam
var/lib/cowrie/downloads/a8460f446be540410004b1a8db4083773fa46f7fe76fa84219c93daa1669f8f2,70.120.203.193,United States
var/lib/cowrie/downloads/a8460f446be540410004b1a8db4083773fa46f7fe76fa84219c93daa1669f8f2,70.120.203.193,United States
var/lib/cowrie/downloads/a8460f446be540410004b1a8db4083773fa46f7fe76fa84219c93daa1669f8f2,183.91.11.36,Vietnam
var/lib/cowrie/downloads/a8460f446be540410004b1a8db4083773fa46f7fe76fa84219c93daa1669f8f2,112.216.108.62,South Korea
var/lib/cowrie/downloads/a8460f446be540410004b1a8db4083773fa46f7fe76fa84219c93daa1669f8f2,81.211.72.167,Russia
var/lib/cowrie/downloads/a8460f446be540410004b1a8db4083773fa46f7fe76fa84219c93daa1669f8f2,70.120.203.193,United States
var/lib/cowrie/downloads/a8460f446be540410004b1a8db4083773fa46f7fe76fa84219c93daa1669f8f2,183.91.11.36,Vietnam
var/lib/cowrie/downloads/a8460f446be540410004b1a8db4083773fa46f7fe76fa84219c93daa1669f8f2,183.110.116.65,South Korea
var/lib/cowrie/downloads/a8460f446be540410004b1a8db4083773fa46f7fe76fa84219c93daa1669f8f2,114.32.151.97,Taiwan
var/lib/cowrie/downloads/a8460f446be540410004b1a8db4083773fa46f7fe76fa84219c93daa1669f8f2,70.54.182.130,Canada
var/lib/cowrie/downloads/a8460f446be540410004b1a8db4083773fa46f7fe76fa84219c93daa1669f8f2,114.32.151.97,Taiwan
var/lib/cowrie/downloads/a8460f446be540410004b1a8db4083773fa46f7fe76fa84219c93daa1669f8f2,114.32.151.97,Taiwan
var/lib/cowrie/downloads/a8460f446be540410004b1a8db4083773fa46f7fe76fa84219c93daa1669f8f2,165.154.6.69,Hong Kong
var/lib/cowrie/downloads/a8460f446be540410004b1a8db4083773fa46f7fe76fa84219c93daa1669f8f2,4.240.82.91,India
var/lib/cowrie/downloads/a8460f446be540410004b1a8db4083773fa46f7fe76fa84219c93daa1669f8f2,165.154.6.112,Hong Kong
var/lib/cowrie/downloads/a8460f446be540410004b1a8db4083773fa46f7fe76fa84219c93daa1669f8f2,45.170.128.15,Paraguay
var/lib/cowrie/downloads/a8460f446be540410004b1a8db4083773fa46f7fe76fa84219c93daa1669f8f2,45.170.128.15,Paraguay
var/lib/cowrie/downloads/a8460f446be540410004b1a8db4083773fa46f7fe76fa84219c93daa1669f8f2,154.221.28.214,Seychelles
var/lib/cowrie/downloads/a8460f446be540410004b1a8db4083773fa46f7fe76fa84219c93daa1669f8f2,154.221.28.214,Seychelles
var/lib/cowrie/downloads/a8460f446be540410004b1a8db4083773fa46f7fe76fa84219c93daa1669f8f2,103.76.84.221,Japan
var/lib/cowrie/downloads/a8460f446be540410004b1a8db4083773fa46f7fe76fa84219c93daa1669f8f2,14.34.157.138,South Korea
var/lib/cowrie/downloads/a8460f446be540410004b1a8db4083773fa46f7fe76fa84219c93daa1669f8f2,191.101.59.69,United Kingdom
var/lib/cowrie/downloads/a8460f446be540410004b1a8db4083773fa46f7fe76fa84219c93daa1669f8f2,102.88.137.213,Nigeria
var/lib/cowrie/downloads/a8460f446be540410004b1a8db4083773fa46f7fe76fa84219c93daa1669f8f2,102.88.137.213,Nigeria
var/lib/cowrie/downloads/a8460f446be540410004b1a8db4083773fa46f7fe76fa84219c93daa1669f8f2,102.88.137.213,Nigeria
var/lib/cowrie/downloads/a8460f446be540410004b1a8db4083773fa46f7fe76fa84219c93daa1669f8f2,102.88.137.213,Nigeria
var/lib/cowrie/downloads/a8460f446be540410004b1a8db4083773fa46f7fe76fa84219c93daa1669f8f2,45.8.93.197,Sweden
var/lib/cowrie/downloads/a8460f446be540410004b1a8db4083773fa46f7fe76fa84219c93daa1669f8f2,45.8.93.197,Sweden
var/lib/cowrie/downloads/a8460f446be540410004b1a8db4083773fa46f7fe76fa84219c93daa1669f8f2,45.8.93.197,Sweden
var/lib/cowrie/downloads/a8460f446be540410004b1a8db4083773fa46f7fe76fa84219c93daa1669f8f2,78.89.154.59,Kuwait
var/lib/cowrie/downloads/a8460f446be540410004b1a8db4083773fa46f7fe76fa84219c93daa1669f8f2,39.117.79.36,South Korea
var/lib/cowrie/downloads/a8460f446be540410004b1a8db4083773fa46f7fe76fa84219c93daa1669f8f2,170.80.65.140,Brazil
var/lib/cowrie/downloads/a8460f446be540410004b1a8db4083773fa46f7fe76fa84219c93daa1669f8f2,147.93.179.237,United States
var/lib/cowrie/downloads/a8460f446be540410004b1a8db4083773fa46f7fe76fa84219c93daa1669f8f2,147.93.179.237,United States
var/lib/cowrie/downloads/a8460f446be540410004b1a8db4083773fa46f7fe76fa84219c93daa1669f8f2,147.93.179.237,United States
var/lib/cowrie/downloads/a8460f446be540410004b1a8db4083773fa46f7fe76fa84219c93daa1669f8f2,31.59.105.179,France
var/lib/cowrie/downloads/a8460f446be540410004b1a8db4083773fa46f7fe76fa84219c93daa1669f8f2,202.152.201.166,Indonesia
var/lib/cowrie/downloads/a8460f446be540410004b1a8db4083773fa46f7fe76fa84219c93daa1669f8f2,202.152.201.166,Indonesia
var/lib/cowrie/downloads/a8460f446be540410004b1a8db4083773fa46f7fe76fa84219c93daa1669f8f2,161.35.65.86,Germany
var/lib/cowrie/downloads/a8460f446be540410004b1a8db4083773fa46f7fe76fa84219c93daa1669f8f2,188.130.160.153,Kazakhstan
var/lib/cowrie/downloads/a8460f446be540410004b1a8db4083773fa46f7fe76fa84219c93daa1669f8f2,161.35.65.86,Germany
var/lib/cowrie/downloads/a8460f446be540410004b1a8db4083773fa46f7fe76fa84219c93daa1669f8f2,161.35.65.86,Germany
var/lib/cowrie/downloads/a8460f446be540410004b1a8db4083773fa46f7fe76fa84219c93daa1669f8f2,154.83.16.160,Seychelles
var/lib/cowrie/downloads/a8460f446be540410004b1a8db4083773fa46f7fe76fa84219c93daa1669f8f2,154.83.16.160,Seychelles
var/lib/cowrie/downloads/a8460f446be540410004b1a8db4083773fa46f7fe76fa84219c93daa1669f8f2,103.174.131.176,India
var/lib/cowrie/downloads/a8460f446be540410004b1a8db4083773fa46f7fe76fa84219c93daa1669f8f2,188.130.160.153,Kazakhstan
var/lib/cowrie/downloads/a8460f446be540410004b1a8db4083773fa46f7fe76fa84219c93daa1669f8f2,103.189.235.176,Indonesia
var/lib/cowrie/downloads/a8460f446be540410004b1a8db4083773fa46f7fe76fa84219c93daa1669f8f2,154.221.28.214,Seychelles
var/lib/cowrie/downloads/a8460f446be540410004b1a8db4083773fa46f7fe76fa84219c93daa1669f8f2,103.189.235.176,Indonesia
var/lib/cowrie/downloads/a8460f446be540410004b1a8db4083773fa46f7fe76fa84219c93daa1669f8f2,154.221.28.214,Seychelles
var/lib/cowrie/downloads/a8460f446be540410004b1a8db4083773fa46f7fe76fa84219c93daa1669f8f2,213.230.127.104,Uzbekistan
var/lib/cowrie/downloads/a8460f446be540410004b1a8db4083773fa46f7fe76fa84219c93daa1669f8f2,14.34.157.138,South Korea
var/lib/cowrie/downloads/a8460f446be540410004b1a8db4083773fa46f7fe76fa84219c93daa1669f8f2,14.34.157.138,South Korea
var/lib/cowrie/downloads/a8460f446be540410004b1a8db4083773fa46f7fe76fa84219c93daa1669f8f2,191.101.59.69,United Kingdom
var/lib/cowrie/downloads/a8460f446be540410004b1a8db4083773fa46f7fe76fa84219c93daa1669f8f2,49.204.74.149,India
var/lib/cowrie/downloads/a8460f446be540410004b1a8db4083773fa46f7fe76fa84219c93daa1669f8f2,102.88.137.213,Nigeria
var/lib/cowrie/downloads/a8460f446be540410004b1a8db4083773fa46f7fe76fa84219c93daa1669f8f2,102.88.137.213,Nigeria
var/lib/cowrie/downloads/a8460f446be540410004b1a8db4083773fa46f7fe76fa84219c93daa1669f8f2,45.8.93.197,Sweden
var/lib/cowrie/downloads/a8460f446be540410004b1a8db4083773fa46f7fe76fa84219c93daa1669f8f2,45.8.93.197,Sweden
var/lib/cowrie/downloads/a8460f446be540410004b1a8db4083773fa46f7fe76fa84219c93daa1669f8f2,45.8.93.197,Sweden
var/lib/cowrie/downloads/a8460f446be540410004b1a8db4083773fa46f7fe76fa84219c93daa1669f8f2,61.28.144.154,Philippines
var/lib/cowrie/downloads/a8460f446be540410004b1a8db4083773fa46f7fe76fa84219c93daa1669f8f2,154.83.16.160,Seychelles
var/lib/cowrie/downloads/a8460f446be540410004b1a8db4083773fa46f7fe76fa84219c93daa1669f8f2,154.83.16.160,Seychelles
var/lib/cowrie/downloads/a8460f446be540410004b1a8db4083773fa46f7fe76fa84219c93daa1669f8f2,161.35.65.86,Germany
var/lib/cowrie/downloads/a8460f446be540410004b1a8db4083773fa46f7fe76fa84219c93daa1669f8f2,103.174.131.176,India
var/lib/cowrie/downloads/a8460f446be540410004b1a8db4083773fa46f7fe76fa84219c93daa1669f8f2,154.83.16.160,Seychelles
var/lib/cowrie/downloads/a8460f446be540410004b1a8db4083773fa46f7fe76fa84219c93daa1669f8f2,161.35.65.86,Germany
var/lib/cowrie/downloads/a8460f446be540410004b1a8db4083773fa46f7fe76fa84219c93daa1669f8f2,161.35.65.86,Germany
var/lib/cowrie/downloads/a8460f446be540410004b1a8db4083773fa46f7fe76fa84219c93daa1669f8f2,188.130.160.153,Kazakhstan
var/lib/cowrie/downloads/a8460f446be540410004b1a8db4083773fa46f7fe76fa84219c93daa1669f8f2,103.174.131.176,India
var/lib/cowrie/downloads/a8460f446be540410004b1a8db4083773fa46f7fe76fa84219c93daa1669f8f2,201.71.192.108,Brazil
var/lib/cowrie/downloads/a8460f446be540410004b1a8db4083773fa46f7fe76fa84219c93daa1669f8f2,31.216.62.250,Iran
var/lib/cowrie/downloads/a8460f446be540410004b1a8db4083773fa46f7fe76fa84219c93daa1669f8f2,31.216.62.250,Iran
var/lib/cowrie/downloads/a8460f446be540410004b1a8db4083773fa46f7fe76fa84219c93daa1669f8f2,103.255.65.6,India
var/lib/cowrie/downloads/a8460f446be540410004b1a8db4083773fa46f7fe76fa84219c93daa1669f8f2,125.22.162.46,India
var/lib/cowrie/downloads/a8460f446be540410004b1a8db4083773fa46f7fe76fa84219c93daa1669f8f2,129.121.37.21,Brazil
var/lib/cowrie/downloads/a8460f446be540410004b1a8db4083773fa46f7fe76fa84219c93daa1669f8f2,47.254.204.207,Malaysia
var/lib/cowrie/downloads/a8460f446be540410004b1a8db4083773fa46f7fe76fa84219c93daa1669f8f2,43.153.12.68,United States
var/lib/cowrie/downloads/a8460f446be540410004b1a8db4083773fa46f7fe76fa84219c93daa1669f8f2,43.153.12.68,United States
var/lib/cowrie/downloads/a8460f446be540410004b1a8db4083773fa46f7fe76fa84219c93daa1669f8f2,154.221.35.72,India
var/lib/cowrie/downloads/a8460f446be540410004b1a8db4083773fa46f7fe76fa84219c93daa1669f8f2,152.32.212.49,Hong Kong
var/lib/cowrie/downloads/a8460f446be540410004b1a8db4083773fa46f7fe76fa84219c93daa1669f8f2,43.162.82.212,United States
var/lib/cowrie/downloads/a8460f446be540410004b1a8db4083773fa46f7fe76fa84219c93daa1669f8f2,185.7.33.7,Sweden
var/lib/cowrie/downloads/a8460f446be540410004b1a8db4083773fa46f7fe76fa84219c93daa1669f8f2,185.7.33.7,Sweden
var/lib/cowrie/downloads/a8460f446be540410004b1a8db4083773fa46f7fe76fa84219c93daa1669f8f2,165.154.5.173,Hong Kong
var/lib/cowrie/downloads/a8460f446be540410004b1a8db4083773fa46f7fe76fa84219c93daa1669f8f2,43.133.148.170,Indonesia
var/lib/cowrie/downloads/a8460f446be540410004b1a8db4083773fa46f7fe76fa84219c93daa1669f8f2,175.182.36.5,Taiwan
var/lib/cowrie/downloads/a8460f446be540410004b1a8db4083773fa46f7fe76fa84219c93daa1669f8f2,70.120.203.193,United States
var/lib/cowrie/downloads/a8460f446be540410004b1a8db4083773fa46f7fe76fa84219c93daa1669f8f2,175.182.36.5,Taiwan
var/lib/cowrie/downloads/a8460f446be540410004b1a8db4083773fa46f7fe76fa84219c93daa1669f8f2,175.182.36.5,Taiwan
var/lib/cowrie/downloads/a8460f446be540410004b1a8db4083773fa46f7fe76fa84219c93daa1669f8f2,183.91.11.36,Vietnam
var/lib/cowrie/downloads/a8460f446be540410004b1a8db4083773fa46f7fe76fa84219c93daa1669f8f2,45.156.25.130,The Netherlands
var/lib/cowrie/downloads/a8460f446be540410004b1a8db4083773fa46f7fe76fa84219c93daa1669f8f2,162.19.243.145,France
var/lib/cowrie/downloads/a8460f446be540410004b1a8db4083773fa46f7fe76fa84219c93daa1669f8f2,162.19.243.145,France
var/lib/cowrie/downloads/a8460f446be540410004b1a8db4083773fa46f7fe76fa84219c93daa1669f8f2,162.19.243.145,France
var/lib/cowrie/downloads/a8460f446be540410004b1a8db4083773fa46f7fe76fa84219c93daa1669f8f2,70.120.203.193,United States
var/lib/cowrie/downloads/a8460f446be540410004b1a8db4083773fa46f7fe76fa84219c93daa1669f8f2,162.19.243.145,France
var/lib/cowrie/downloads/a8460f446be540410004b1a8db4083773fa46f7fe76fa84219c93daa1669f8f2,183.91.11.36,Vietnam
var/lib/cowrie/downloads/a8460f446be540410004b1a8db4083773fa46f7fe76fa84219c93daa1669f8f2,81.211.72.167,Russia
var/lib/cowrie/downloads/a8460f446be540410004b1a8db4083773fa46f7fe76fa84219c93daa1669f8f2,183.110.116.65,South Korea
var/lib/cowrie/downloads/a8460f446be540410004b1a8db4083773fa46f7fe76fa84219c93daa1669f8f2,197.140.11.157,Algeria
var/lib/cowrie/downloads/a8460f446be540410004b1a8db4083773fa46f7fe76fa84219c93daa1669f8f2,64.188.77.26,The Netherlands
var/lib/cowrie/downloads/a8460f446be540410004b1a8db4083773fa46f7fe76fa84219c93daa1669f8f2,197.140.11.157,Algeria
var/lib/cowrie/downloads/a8460f446be540410004b1a8db4083773fa46f7fe76fa84219c93daa1669f8f2,172.172.196.177,United States
var/lib/cowrie/downloads/a8460f446be540410004b1a8db4083773fa46f7fe76fa84219c93daa1669f8f2,172.172.196.177,United States
var/lib/cowrie/downloads/a8460f446be540410004b1a8db4083773fa46f7fe76fa84219c93daa1669f8f2,64.188.77.26,The Netherlands
var/lib/cowrie/downloads/a8460f446be540410004b1a8db4083773fa46f7fe76fa84219c93daa1669f8f2,64.188.77.26,The Netherlands
var/lib/cowrie/downloads/a8460f446be540410004b1a8db4083773fa46f7fe76fa84219c93daa1669f8f2,197.140.11.157,Algeria
var/lib/cowrie/downloads/a8460f446be540410004b1a8db4083773fa46f7fe76fa84219c93daa1669f8f2,168.144.95.137,India
var/lib/cowrie/downloads/a8460f446be540410004b1a8db4083773fa46f7fe76fa84219c93daa1669f8f2,64.188.77.26,The Netherlands
var/lib/cowrie/downloads/a8460f446be540410004b1a8db4083773fa46f7fe76fa84219c93daa1669f8f2,172.172.196.177,United States
var/lib/cowrie/downloads/a8460f446be540410004b1a8db4083773fa46f7fe76fa84219c93daa1669f8f2,64.188.77.26,The Netherlands
var/lib/cowrie/downloads/a8460f446be540410004b1a8db4083773fa46f7fe76fa84219c93daa1669f8f2,197.140.11.157,Algeria
var/lib/cowrie/downloads/a8460f446be540410004b1a8db4083773fa46f7fe76fa84219c93daa1669f8f2,168.144.95.137,India
var/lib/cowrie/downloads/a8460f446be540410004b1a8db4083773fa46f7fe76fa84219c93daa1669f8f2,172.172.196.177,United States
var/lib/cowrie/downloads/a8460f446be540410004b1a8db4083773fa46f7fe76fa84219c93daa1669f8f2,102.88.137.213,Nigeria
var/lib/cowrie/downloads/a8460f446be540410004b1a8db4083773fa46f7fe76fa84219c93daa1669f8f2,103.159.54.61,Vietnam
var/lib/cowrie/downloads/a8460f446be540410004b1a8db4083773fa46f7fe76fa84219c93daa1669f8f2,221.163.5.228,South Korea
var/lib/cowrie/downloads/a8460f446be540410004b1a8db4083773fa46f7fe76fa84219c93daa1669f8f2,165.154.6.69,Hong Kong
var/lib/cowrie/downloads/a8460f446be540410004b1a8db4083773fa46f7fe76fa84219c93daa1669f8f2,102.88.137.213,Nigeria
var/lib/cowrie/downloads/a8460f446be540410004b1a8db4083773fa46f7fe76fa84219c93daa1669f8f2,103.118.82.254,Indonesia
var/lib/cowrie/downloads/a8460f446be540410004b1a8db4083773fa46f7fe76fa84219c93daa1669f8f2,103.118.82.254,Indonesia
var/lib/cowrie/downloads/a8460f446be540410004b1a8db4083773fa46f7fe76fa84219c93daa1669f8f2,102.88.137.213,Nigeria
var/lib/cowrie/downloads/a8460f446be540410004b1a8db4083773fa46f7fe76fa84219c93daa1669f8f2,165.154.6.112,Hong Kong
var/lib/cowrie/downloads/a8460f446be540410004b1a8db4083773fa46f7fe76fa84219c93daa1669f8f2,138.124.85.214,Switzerland
var/lib/cowrie/downloads/a8460f446be540410004b1a8db4083773fa46f7fe76fa84219c93daa1669f8f2,152.32.187.177,Hong Kong
var/lib/cowrie/downloads/a8460f446be540410004b1a8db4083773fa46f7fe76fa84219c93daa1669f8f2,177.229.197.38,Mexico
var/lib/cowrie/downloads/a8460f446be540410004b1a8db4083773fa46f7fe76fa84219c93daa1669f8f2,152.32.135.217,Hong Kong
var/lib/cowrie/downloads/a8460f446be540410004b1a8db4083773fa46f7fe76fa84219c93daa1669f8f2,78.89.154.59,Kuwait
var/lib/cowrie/downloads/a8460f446be540410004b1a8db4083773fa46f7fe76fa84219c93daa1669f8f2,39.117.79.36,South Korea
var/lib/cowrie/downloads/a8460f446be540410004b1a8db4083773fa46f7fe76fa84219c93daa1669f8f2,147.93.179.237,United States
var/lib/cowrie/downloads/a8460f446be540410004b1a8db4083773fa46f7fe76fa84219c93daa1669f8f2,147.93.179.237,United States
var/lib/cowrie/downloads/a8460f446be540410004b1a8db4083773fa46f7fe76fa84219c93daa1669f8f2,147.93.179.237,United States
var/lib/cowrie/downloads/a8460f446be540410004b1a8db4083773fa46f7fe76fa84219c93daa1669f8f2,147.93.179.237,United States
var/lib/cowrie/downloads/a8460f446be540410004b1a8db4083773fa46f7fe76fa84219c93daa1669f8f2,103.174.131.176,India
var/lib/cowrie/downloads/a8460f446be540410004b1a8db4083773fa46f7fe76fa84219c93daa1669f8f2,161.35.65.86,Germany
var/lib/cowrie/downloads/a8460f446be540410004b1a8db4083773fa46f7fe76fa84219c93daa1669f8f2,103.174.131.176,India
var/lib/cowrie/downloads/a8460f446be540410004b1a8db4083773fa46f7fe76fa84219c93daa1669f8f2,158.178.141.16,Australia
var/lib/cowrie/downloads/a8460f446be540410004b1a8db4083773fa46f7fe76fa84219c93daa1669f8f2,161.35.65.86,Germany
var/lib/cowrie/downloads/a8460f446be540410004b1a8db4083773fa46f7fe76fa84219c93daa1669f8f2,188.130.160.153,Kazakhstan
var/lib/cowrie/downloads/a8460f446be540410004b1a8db4083773fa46f7fe76fa84219c93daa1669f8f2,129.121.37.21,Brazil
var/lib/cowrie/downloads/a8460f446be540410004b1a8db4083773fa46f7fe76fa84219c93daa1669f8f2,43.162.82.212,United States
var/lib/cowrie/downloads/a8460f446be540410004b1a8db4083773fa46f7fe76fa84219c93daa1669f8f2,43.153.12.68,United States
var/lib/cowrie/downloads/a8460f446be540410004b1a8db4083773fa46f7fe76fa84219c93daa1669f8f2,43.162.82.212,United States
var/lib/cowrie/downloads/a8460f446be540410004b1a8db4083773fa46f7fe76fa84219c93daa1669f8f2,43.162.82.212,United States
var/lib/cowrie/downloads/a8460f446be540410004b1a8db4083773fa46f7fe76fa84219c93daa1669f8f2,185.7.33.7,Sweden
var/lib/cowrie/downloads/a8460f446be540410004b1a8db4083773fa46f7fe76fa84219c93daa1669f8f2,185.7.33.7,Sweden
var/lib/cowrie/downloads/a8460f446be540410004b1a8db4083773fa46f7fe76fa84219c93daa1669f8f2,165.154.5.173,Hong Kong
var/lib/cowrie/downloads/a8460f446be540410004b1a8db4083773fa46f7fe76fa84219c93daa1669f8f2,138.68.10.159,United States
var/lib/cowrie/downloads/a8460f446be540410004b1a8db4083773fa46f7fe76fa84219c93daa1669f8f2,165.154.5.173,Hong Kong
var/lib/cowrie/downloads/a8460f446be540410004b1a8db4083773fa46f7fe76fa84219c93daa1669f8f2,165.154.5.173,Hong Kong
var/lib/cowrie/downloads/a8460f446be540410004b1a8db4083773fa46f7fe76fa84219c93daa1669f8f2,175.182.36.5,Taiwan
var/lib/cowrie/downloads/a8460f446be540410004b1a8db4083773fa46f7fe76fa84219c93daa1669f8f2,175.182.36.5,Taiwan
var/lib/cowrie/downloads/a8460f446be540410004b1a8db4083773fa46f7fe76fa84219c93daa1669f8f2,175.182.36.5,Taiwan
var/lib/cowrie/downloads/a8460f446be540410004b1a8db4083773fa46f7fe76fa84219c93daa1669f8f2,175.182.36.5,Taiwan
var/lib/cowrie/downloads/a8460f446be540410004b1a8db4083773fa46f7fe76fa84219c93daa1669f8f2,50.116.106.59,United States
var/lib/cowrie/downloads/a8460f446be540410004b1a8db4083773fa46f7fe76fa84219c93daa1669f8f2,162.19.243.145,France
var/lib/cowrie/downloads/a8460f446be540410004b1a8db4083773fa46f7fe76fa84219c93daa1669f8f2,162.19.243.145,France
var/lib/cowrie/downloads/a8460f446be540410004b1a8db4083773fa46f7fe76fa84219c93daa1669f8f2,70.120.203.193,United States
var/lib/cowrie/downloads/a8460f446be540410004b1a8db4083773fa46f7fe76fa84219c93daa1669f8f2,162.19.243.145,France
var/lib/cowrie/downloads/a8460f446be540410004b1a8db4083773fa46f7fe76fa84219c93daa1669f8f2,183.91.11.36,Vietnam
var/lib/cowrie/downloads/a8460f446be540410004b1a8db4083773fa46f7fe76fa84219c93daa1669f8f2,70.120.203.193,United States
var/lib/cowrie/downloads/a8460f446be540410004b1a8db4083773fa46f7fe76fa84219c93daa1669f8f2,81.211.72.167,Russia
var/lib/cowrie/downloads/a8460f446be540410004b1a8db4083773fa46f7fe76fa84219c93daa1669f8f2,81.211.72.167,Russia
var/lib/cowrie/downloads/a8460f446be540410004b1a8db4083773fa46f7fe76fa84219c93daa1669f8f2,183.91.11.36,Vietnam
var/lib/cowrie/downloads/a8460f446be540410004b1a8db4083773fa46f7fe76fa84219c93daa1669f8f2,81.211.72.167,Russia
var/lib/cowrie/downloads/a8460f446be540410004b1a8db4083773fa46f7fe76fa84219c93daa1669f8f2,114.32.151.97,Taiwan
var/lib/cowrie/downloads/a8460f446be540410004b1a8db4083773fa46f7fe76fa84219c93daa1669f8f2,183.110.116.65,South Korea
var/lib/cowrie/downloads/a8460f446be540410004b1a8db4083773fa46f7fe76fa84219c93daa1669f8f2,197.140.11.157,Algeria
var/lib/cowrie/downloads/a8460f446be540410004b1a8db4083773fa46f7fe76fa84219c93daa1669f8f2,64.188.77.26,The Netherlands
var/lib/cowrie/downloads/a8460f446be540410004b1a8db4083773fa46f7fe76fa84219c93daa1669f8f2,172.172.196.177,United States
var/lib/cowrie/downloads/a8460f446be540410004b1a8db4083773fa46f7fe76fa84219c93daa1669f8f2,34.175.118.185,Spain
var/lib/cowrie/downloads/a8460f446be540410004b1a8db4083773fa46f7fe76fa84219c93daa1669f8f2,197.140.11.157,Algeria
var/lib/cowrie/downloads/a8460f446be540410004b1a8db4083773fa46f7fe76fa84219c93daa1669f8f2,172.172.196.177,United States
var/lib/cowrie/downloads/a8460f446be540410004b1a8db4083773fa46f7fe76fa84219c93daa1669f8f2,197.140.11.157,Algeria
var/lib/cowrie/downloads/a8460f446be540410004b1a8db4083773fa46f7fe76fa84219c93daa1669f8f2,64.188.77.26,The Netherlands
var/lib/cowrie/downloads/a8460f446be540410004b1a8db4083773fa46f7fe76fa84219c93daa1669f8f2,172.172.196.177,United States
var/lib/cowrie/downloads/a8460f446be540410004b1a8db4083773fa46f7fe76fa84219c93daa1669f8f2,64.188.77.26,The Netherlands
var/lib/cowrie/downloads/a8460f446be540410004b1a8db4083773fa46f7fe76fa84219c93daa1669f8f2,197.140.11.157,Algeria
var/lib/cowrie/downloads/a8460f446be540410004b1a8db4083773fa46f7fe76fa84219c93daa1669f8f2,168.144.95.137,India
var/lib/cowrie/downloads/a8460f446be540410004b1a8db4083773fa46f7fe76fa84219c93daa1669f8f2,102.88.137.213,Nigeria
var/lib/cowrie/downloads/a8460f446be540410004b1a8db4083773fa46f7fe76fa84219c93daa1669f8f2,165.154.22.124,Hong Kong
var/lib/cowrie/downloads/a8460f446be540410004b1a8db4083773fa46f7fe76fa84219c93daa1669f8f2,43.160.214.230,Singapore
var/lib/cowrie/downloads/a8460f446be540410004b1a8db4083773fa46f7fe76fa84219c93daa1669f8f2,43.160.214.230,Singapore
var/lib/cowrie/downloads/a8460f446be540410004b1a8db4083773fa46f7fe76fa84219c93daa1669f8f2,138.124.85.214,Switzerland
var/lib/cowrie/downloads/a8460f446be540410004b1a8db4083773fa46f7fe76fa84219c93daa1669f8f2,102.88.137.213,Nigeria
var/lib/cowrie/downloads/a8460f446be540410004b1a8db4083773fa46f7fe76fa84219c93daa1669f8f2,138.124.85.214,Switzerland
var/lib/cowrie/downloads/a8460f446be540410004b1a8db4083773fa46f7fe76fa84219c93daa1669f8f2,102.88.137.213,Nigeria
var/lib/cowrie/downloads/a8460f446be540410004b1a8db4083773fa46f7fe76fa84219c93daa1669f8f2,103.118.82.254,Indonesia
var/lib/cowrie/downloads/a8460f446be540410004b1a8db4083773fa46f7fe76fa84219c93daa1669f8f2,79.143.188.82,France
var/lib/cowrie/downloads/a8460f446be540410004b1a8db4083773fa46f7fe76fa84219c93daa1669f8f2,138.124.85.214,Switzerland
var/lib/cowrie/downloads/a8460f446be540410004b1a8db4083773fa46f7fe76fa84219c93daa1669f8f2,79.143.188.82,France
var/lib/cowrie/downloads/a8460f446be540410004b1a8db4083773fa46f7fe76fa84219c93daa1669f8f2,4.240.82.91,India
var/lib/cowrie/downloads/a8460f446be540410004b1a8db4083773fa46f7fe76fa84219c93daa1669f8f2,165.154.6.112,Hong Kong
var/lib/cowrie/downloads/a8460f446be540410004b1a8db4083773fa46f7fe76fa84219c93daa1669f8f2,165.154.6.112,Hong Kong
var/lib/cowrie/downloads/a8460f446be540410004b1a8db4083773fa46f7fe76fa84219c93daa1669f8f2,165.154.6.112,Hong Kong
var/lib/cowrie/downloads/a8460f446be540410004b1a8db4083773fa46f7fe76fa84219c93daa1669f8f2,165.154.6.112,Hong Kong
var/lib/cowrie/downloads/a8460f446be540410004b1a8db4083773fa46f7fe76fa84219c93daa1669f8f2,165.154.6.112,Hong Kong
var/lib/cowrie/downloads/a8460f446be540410004b1a8db4083773fa46f7fe76fa84219c93daa1669f8f2,43.156.24.132,Singapore
var/lib/cowrie/downloads/a8460f446be540410004b1a8db4083773fa46f7fe76fa84219c93daa1669f8f2,152.32.187.177,Hong Kong
var/lib/cowrie/downloads/a8460f446be540410004b1a8db4083773fa46f7fe76fa84219c93daa1669f8f2,152.32.187.177,Hong Kong
var/lib/cowrie/downloads/a8460f446be540410004b1a8db4083773fa46f7fe76fa84219c93daa1669f8f2,152.32.187.177,Hong Kong
var/lib/cowrie/downloads/a8460f446be540410004b1a8db4083773fa46f7fe76fa84219c93daa1669f8f2,160.251.233.37,Japan
var/lib/cowrie/downloads/a8460f446be540410004b1a8db4083773fa46f7fe76fa84219c93daa1669f8f2,160.251.233.37,Japan
var/lib/cowrie/downloads/a8460f446be540410004b1a8db4083773fa46f7fe76fa84219c93daa1669f8f2,49.247.37.22,South Korea
var/lib/cowrie/downloads/a8460f446be540410004b1a8db4083773fa46f7fe76fa84219c93daa1669f8f2,177.229.197.38,Mexico
var/lib/cowrie/downloads/a8460f446be540410004b1a8db4083773fa46f7fe76fa84219c93daa1669f8f2,200.141.47.232,Brazil
var/lib/cowrie/downloads/a8460f446be540410004b1a8db4083773fa46f7fe76fa84219c93daa1669f8f2,177.229.197.38,Mexico
var/lib/cowrie/downloads/a8460f446be540410004b1a8db4083773fa46f7fe76fa84219c93daa1669f8f2,168.76.131.178,South Africa
var/lib/cowrie/downloads/a8460f446be540410004b1a8db4083773fa46f7fe76fa84219c93daa1669f8f2,177.229.197.38,Mexico
var/lib/cowrie/downloads/a8460f446be540410004b1a8db4083773fa46f7fe76fa84219c93daa1669f8f2,152.32.135.217,Hong Kong
var/lib/cowrie/downloads/a8460f446be540410004b1a8db4083773fa46f7fe76fa84219c93daa1669f8f2,61.28.144.154,Philippines
var/lib/cowrie/downloads/a8460f446be540410004b1a8db4083773fa46f7fe76fa84219c93daa1669f8f2,38.76.163.36,Hong Kong
var/lib/cowrie/downloads/a8460f446be540410004b1a8db4083773fa46f7fe76fa84219c93daa1669f8f2,219.92.8.252,Malaysia
var/lib/cowrie/downloads/a8460f446be540410004b1a8db4083773fa46f7fe76fa84219c93daa1669f8f2,202.152.201.166,Indonesia
var/lib/cowrie/downloads/a8460f446be540410004b1a8db4083773fa46f7fe76fa84219c93daa1669f8f2,154.83.16.160,Seychelles
var/lib/cowrie/downloads/a8460f446be540410004b1a8db4083773fa46f7fe76fa84219c93daa1669f8f2,202.152.201.166,Indonesia
var/lib/cowrie/downloads/a8460f446be540410004b1a8db4083773fa46f7fe76fa84219c93daa1669f8f2,103.88.76.27,India
var/lib/cowrie/downloads/a8460f446be540410004b1a8db4083773fa46f7fe76fa84219c93daa1669f8f2,103.174.131.176,India
var/lib/cowrie/downloads/a8460f446be540410004b1a8db4083773fa46f7fe76fa84219c93daa1669f8f2,161.35.65.86,Germany
var/lib/cowrie/downloads/a8460f446be540410004b1a8db4083773fa46f7fe76fa84219c93daa1669f8f2,103.174.131.176,India
var/lib/cowrie/downloads/a8460f446be540410004b1a8db4083773fa46f7fe76fa84219c93daa1669f8f2,154.83.16.160,Seychelles
var/lib/cowrie/downloads/a8460f446be540410004b1a8db4083773fa46f7fe76fa84219c93daa1669f8f2,103.174.131.176,India
var/lib/cowrie/downloads/a8460f446be540410004b1a8db4083773fa46f7fe76fa84219c93daa1669f8f2,165.154.5.173,Hong Kong
var/lib/cowrie/downloads/a8460f446be540410004b1a8db4083773fa46f7fe76fa84219c93daa1669f8f2,175.182.36.5,Taiwan
var/lib/cowrie/downloads/a8460f446be540410004b1a8db4083773fa46f7fe76fa84219c93daa1669f8f2,175.182.36.5,Taiwan
var/lib/cowrie/downloads/a8460f446be540410004b1a8db4083773fa46f7fe76fa84219c93daa1669f8f2,175.182.36.5,Taiwan
var/lib/cowrie/downloads/a8460f446be540410004b1a8db4083773fa46f7fe76fa84219c93daa1669f8f2,45.192.12.14,Seychelles
var/lib/cowrie/downloads/a8460f446be540410004b1a8db4083773fa46f7fe76fa84219c93daa1669f8f2,70.120.203.193,United States
var/lib/cowrie/downloads/a8460f446be540410004b1a8db4083773fa46f7fe76fa84219c93daa1669f8f2,175.182.36.5,Taiwan
var/lib/cowrie/downloads/a8460f446be540410004b1a8db4083773fa46f7fe76fa84219c93daa1669f8f2,50.116.106.59,United States
var/lib/cowrie/downloads/a8460f446be540410004b1a8db4083773fa46f7fe76fa84219c93daa1669f8f2,162.19.243.145,France
var/lib/cowrie/downloads/a8460f446be540410004b1a8db4083773fa46f7fe76fa84219c93daa1669f8f2,162.19.243.145,France
var/lib/cowrie/downloads/a8460f446be540410004b1a8db4083773fa46f7fe76fa84219c93daa1669f8f2,70.120.203.193,United States
var/lib/cowrie/downloads/a8460f446be540410004b1a8db4083773fa46f7fe76fa84219c93daa1669f8f2,183.91.11.36,Vietnam
var/lib/cowrie/downloads/a8460f446be540410004b1a8db4083773fa46f7fe76fa84219c93daa1669f8f2,70.120.203.193,United States
var/lib/cowrie/downloads/a8460f446be540410004b1a8db4083773fa46f7fe76fa84219c93daa1669f8f2,81.211.72.167,Russia
var/lib/cowrie/downloads/a8460f446be540410004b1a8db4083773fa46f7fe76fa84219c93daa1669f8f2,70.120.203.193,United States
var/lib/cowrie/downloads/a8460f446be540410004b1a8db4083773fa46f7fe76fa84219c93daa1669f8f2,112.216.108.62,South Korea
var/lib/cowrie/downloads/a8460f446be540410004b1a8db4083773fa46f7fe76fa84219c93daa1669f8f2,81.211.72.167,Russia
var/lib/cowrie/downloads/a8460f446be540410004b1a8db4083773fa46f7fe76fa84219c93daa1669f8f2,81.211.72.167,Russia
var/lib/cowrie/downloads/a8460f446be540410004b1a8db4083773fa46f7fe76fa84219c93daa1669f8f2,183.91.11.36,Vietnam
var/lib/cowrie/downloads/a8460f446be540410004b1a8db4083773fa46f7fe76fa84219c93daa1669f8f2,183.110.116.65,South Korea
var/lib/cowrie/downloads/a8460f446be540410004b1a8db4083773fa46f7fe76fa84219c93daa1669f8f2,81.211.72.167,Russia
var/lib/cowrie/downloads/a8460f446be540410004b1a8db4083773fa46f7fe76fa84219c93daa1669f8f2,114.32.151.97,Taiwan
var/lib/cowrie/downloads/a8460f446be540410004b1a8db4083773fa46f7fe76fa84219c93daa1669f8f2,114.32.151.97,Taiwan
var/lib/cowrie/downloads/a8460f446be540410004b1a8db4083773fa46f7fe76fa84219c93daa1669f8f2,114.32.151.97,Taiwan
var/lib/cowrie/downloads/a8460f446be540410004b1a8db4083773fa46f7fe76fa84219c93daa1669f8f2,197.140.11.157,Algeria
var/lib/cowrie/downloads/a8460f446be540410004b1a8db4083773fa46f7fe76fa84219c93daa1669f8f2,195.211.99.18,United States
var/lib/cowrie/downloads/a8460f446be540410004b1a8db4083773fa46f7fe76fa84219c93daa1669f8f2,64.188.77.26,The Netherlands
var/lib/cowrie/downloads/a8460f446be540410004b1a8db4083773fa46f7fe76fa84219c93daa1669f8f2,197.140.11.157,Algeria
var/lib/cowrie/downloads/a8460f446be540410004b1a8db4083773fa46f7fe76fa84219c93daa1669f8f2,64.188.77.26,The Netherlands
var/lib/cowrie/downloads/a8460f446be540410004b1a8db4083773fa46f7fe76fa84219c93daa1669f8f2,172.172.196.177,United States
var/lib/cowrie/downloads/a8460f446be540410004b1a8db4083773fa46f7fe76fa84219c93daa1669f8f2,197.140.11.157,Algeria
var/lib/cowrie/downloads/a8460f446be540410004b1a8db4083773fa46f7fe76fa84219c93daa1669f8f2,64.188.77.26,The Netherlands
var/lib/cowrie/downloads/a8460f446be540410004b1a8db4083773fa46f7fe76fa84219c93daa1669f8f2,168.144.95.137,India
var/lib/cowrie/downloads/a8460f446be540410004b1a8db4083773fa46f7fe76fa84219c93daa1669f8f2,103.159.54.61,Vietnam
var/lib/cowrie/downloads/a8460f446be540410004b1a8db4083773fa46f7fe76fa84219c93daa1669f8f2,50.35.168.148,United States
var/lib/cowrie/downloads/a8460f446be540410004b1a8db4083773fa46f7fe76fa84219c93daa1669f8f2,165.154.6.69,Hong Kong
var/lib/cowrie/downloads/a8460f446be540410004b1a8db4083773fa46f7fe76fa84219c93daa1669f8f2,168.144.95.137,India
var/lib/cowrie/downloads/a8460f446be540410004b1a8db4083773fa46f7fe76fa84219c93daa1669f8f2,101.79.23.38,South Korea
var/lib/cowrie/downloads/a8460f446be540410004b1a8db4083773fa46f7fe76fa84219c93daa1669f8f2,103.118.82.254,Indonesia
var/lib/cowrie/downloads/a8460f446be540410004b1a8db4083773fa46f7fe76fa84219c93daa1669f8f2,103.118.82.254,Indonesia
var/lib/cowrie/downloads/a8460f446be540410004b1a8db4083773fa46f7fe76fa84219c93daa1669f8f2,43.160.214.230,Singapore
var/lib/cowrie/downloads/a8460f446be540410004b1a8db4083773fa46f7fe76fa84219c93daa1669f8f2,138.124.85.214,Switzerland
var/lib/cowrie/downloads/a8460f446be540410004b1a8db4083773fa46f7fe76fa84219c93daa1669f8f2,43.160.214.230,Singapore
var/lib/cowrie/downloads/a8460f446be540410004b1a8db4083773fa46f7fe76fa84219c93daa1669f8f2,103.118.82.254,Indonesia
var/lib/cowrie/downloads/a8460f446be540410004b1a8db4083773fa46f7fe76fa84219c93daa1669f8f2,102.88.137.213,Nigeria
var/lib/cowrie/downloads/a8460f446be540410004b1a8db4083773fa46f7fe76fa84219c93daa1669f8f2,102.88.137.213,Nigeria
var/lib/cowrie/downloads/a8460f446be540410004b1a8db4083773fa46f7fe76fa84219c93daa1669f8f2,101.79.23.38,South Korea
var/lib/cowrie/downloads/a8460f446be540410004b1a8db4083773fa46f7fe76fa84219c93daa1669f8f2,138.124.85.214,Switzerland
var/lib/cowrie/downloads/a8460f446be540410004b1a8db4083773fa46f7fe76fa84219c93daa1669f8f2,103.118.82.254,Indonesia
var/lib/cowrie/downloads/a8460f446be540410004b1a8db4083773fa46f7fe76fa84219c93daa1669f8f2,102.88.137.213,Nigeria
var/lib/cowrie/downloads/a8460f446be540410004b1a8db4083773fa46f7fe76fa84219c93daa1669f8f2,79.143.188.82,France
var/lib/cowrie/downloads/a8460f446be540410004b1a8db4083773fa46f7fe76fa84219c93daa1669f8f2,103.118.82.254,Indonesia
var/lib/cowrie/downloads/01ba4719c80b6fe911b091a7c05124b64eeece964e09c058ef8f9805daca546b,4.240.82.91,India
var/lib/cowrie/downloads/a8460f446be540410004b1a8db4083773fa46f7fe76fa84219c93daa1669f8f2,165.154.6.112,Hong Kong
var/lib/cowrie/downloads/01ba4719c80b6fe911b091a7c05124b64eeece964e09c058ef8f9805daca546b,4.240.82.91,India
var/lib/cowrie/downloads/a8460f446be540410004b1a8db4083773fa46f7fe76fa84219c93daa1669f8f2,43.156.24.132,Singapore
var/lib/cowrie/downloads/a8460f446be540410004b1a8db4083773fa46f7fe76fa84219c93daa1669f8f2,152.32.187.177,Hong Kong
var/lib/cowrie/downloads/a8460f446be540410004b1a8db4083773fa46f7fe76fa84219c93daa1669f8f2,152.32.187.177,Hong Kong
var/lib/cowrie/downloads/a8460f446be540410004b1a8db4083773fa46f7fe76fa84219c93daa1669f8f2,43.156.24.132,Singapore
var/lib/cowrie/downloads/a8460f446be540410004b1a8db4083773fa46f7fe76fa84219c93daa1669f8f2,152.32.187.177,Hong Kong
var/lib/cowrie/downloads/a8460f446be540410004b1a8db4083773fa46f7fe76fa84219c93daa1669f8f2,152.32.187.177,Hong Kong
var/lib/cowrie/downloads/a8460f446be540410004b1a8db4083773fa46f7fe76fa84219c93daa1669f8f2,103.105.176.70,India
var/lib/cowrie/downloads/a8460f446be540410004b1a8db4083773fa46f7fe76fa84219c93daa1669f8f2,160.251.233.37,Japan
var/lib/cowrie/downloads/a8460f446be540410004b1a8db4083773fa46f7fe76fa84219c93daa1669f8f2,177.229.197.38,Mexico
var/lib/cowrie/downloads/a8460f446be540410004b1a8db4083773fa46f7fe76fa84219c93daa1669f8f2,103.48.192.48,Vietnam
var/lib/cowrie/downloads/a8460f446be540410004b1a8db4083773fa46f7fe76fa84219c93daa1669f8f2,154.221.28.214,Seychelles
var/lib/cowrie/downloads/a8460f446be540410004b1a8db4083773fa46f7fe76fa84219c93daa1669f8f2,45.170.128.15,Paraguay
var/lib/cowrie/downloads/a8460f446be540410004b1a8db4083773fa46f7fe76fa84219c93daa1669f8f2,154.221.28.214,Seychelles
var/lib/cowrie/downloads/a8460f446be540410004b1a8db4083773fa46f7fe76fa84219c93daa1669f8f2,14.34.157.138,South Korea
var/lib/cowrie/downloads/a8460f446be540410004b1a8db4083773fa46f7fe76fa84219c93daa1669f8f2,14.34.157.138,South Korea
var/lib/cowrie/downloads/a8460f446be540410004b1a8db4083773fa46f7fe76fa84219c93daa1669f8f2,14.34.157.138,South Korea
var/lib/cowrie/downloads/a8460f446be540410004b1a8db4083773fa46f7fe76fa84219c93daa1669f8f2,102.88.137.213,Nigeria
var/lib/cowrie/downloads/a8460f446be540410004b1a8db4083773fa46f7fe76fa84219c93daa1669f8f2,102.88.137.213,Nigeria
var/lib/cowrie/downloads/a8460f446be540410004b1a8db4083773fa46f7fe76fa84219c93daa1669f8f2,102.88.137.213,Nigeria
var/lib/cowrie/downloads/a8460f446be540410004b1a8db4083773fa46f7fe76fa84219c93daa1669f8f2,102.88.137.213,Nigeria
var/lib/cowrie/downloads/a8460f446be540410004b1a8db4083773fa46f7fe76fa84219c93daa1669f8f2,102.88.137.213,Nigeria
var/lib/cowrie/downloads/a8460f446be540410004b1a8db4083773fa46f7fe76fa84219c93daa1669f8f2,45.8.93.197,Sweden
var/lib/cowrie/downloads/a8460f446be540410004b1a8db4083773fa46f7fe76fa84219c93daa1669f8f2,45.8.93.197,Sweden
var/lib/cowrie/downloads/a8460f446be540410004b1a8db4083773fa46f7fe76fa84219c93daa1669f8f2,64.188.83.244,Germany
var/lib/cowrie/downloads/a8460f446be540410004b1a8db4083773fa46f7fe76fa84219c93daa1669f8f2,170.80.65.140,Brazil
var/lib/cowrie/downloads/a8460f446be540410004b1a8db4083773fa46f7fe76fa84219c93daa1669f8f2,147.93.179.237,United States
var/lib/cowrie/downloads/a8460f446be540410004b1a8db4083773fa46f7fe76fa84219c93daa1669f8f2,131.100.242.102,Brazil
var/lib/cowrie/downloads/a8460f446be540410004b1a8db4083773fa46f7fe76fa84219c93daa1669f8f2,202.152.201.166,Indonesia
var/lib/cowrie/downloads/a8460f446be540410004b1a8db4083773fa46f7fe76fa84219c93daa1669f8f2,202.152.201.166,Indonesia
var/lib/cowrie/downloads/a8460f446be540410004b1a8db4083773fa46f7fe76fa84219c93daa1669f8f2,161.35.65.86,Germany
var/lib/cowrie/downloads/a8460f446be540410004b1a8db4083773fa46f7fe76fa84219c93daa1669f8f2,161.35.65.86,Germany
var/lib/cowrie/downloads/a8460f446be540410004b1a8db4083773fa46f7fe76fa84219c93daa1669f8f2,158.178.141.16,Australia
var/lib/cowrie/downloads/a8460f446be540410004b1a8db4083773fa46f7fe76fa84219c93daa1669f8f2,154.83.16.160,Seychelles
var/lib/cowrie/downloads/a8460f446be540410004b1a8db4083773fa46f7fe76fa84219c93daa1669f8f2,161.35.65.86,Germany
var/lib/cowrie/downloads/a8460f446be540410004b1a8db4083773fa46f7fe76fa84219c93daa1669f8f2,154.83.16.160,Seychelles
var/lib/cowrie/downloads/a8460f446be540410004b1a8db4083773fa46f7fe76fa84219c93daa1669f8f2,188.130.160.153,Kazakhstan
var/lib/cowrie/downloads/a8460f446be540410004b1a8db4083773fa46f7fe76fa84219c93daa1669f8f2,201.71.192.108,Brazil
var/lib/cowrie/downloads/a8460f446be540410004b1a8db4083773fa46f7fe76fa84219c93daa1669f8f2,178.27.90.142,Germany
var/lib/cowrie/downloads/a8460f446be540410004b1a8db4083773fa46f7fe76fa84219c93daa1669f8f2,72.11.140.199,United States
var/lib/cowrie/downloads/a8460f446be540410004b1a8db4083773fa46f7fe76fa84219c93daa1669f8f2,43.128.142.30,South Korea
var/lib/cowrie/downloads/a8460f446be540410004b1a8db4083773fa46f7fe76fa84219c93daa1669f8f2,129.121.37.21,Brazil
var/lib/cowrie/downloads/a8460f446be540410004b1a8db4083773fa46f7fe76fa84219c93daa1669f8f2,72.11.140.199,United States
var/lib/cowrie/downloads/a8460f446be540410004b1a8db4083773fa46f7fe76fa84219c93daa1669f8f2,47.254.204.207,Malaysia
var/lib/cowrie/downloads/a8460f446be540410004b1a8db4083773fa46f7fe76fa84219c93daa1669f8f2,43.153.12.68,United States
var/lib/cowrie/downloads/a8460f446be540410004b1a8db4083773fa46f7fe76fa84219c93daa1669f8f2,43.153.12.68,United States
var/lib/cowrie/downloads/a8460f446be540410004b1a8db4083773fa46f7fe76fa84219c93daa1669f8f2,152.32.212.49,Hong Kong
var/lib/cowrie/downloads/a8460f446be540410004b1a8db4083773fa46f7fe76fa84219c93daa1669f8f2,185.7.33.7,Sweden
var/lib/cowrie/downloads/a8460f446be540410004b1a8db4083773fa46f7fe76fa84219c93daa1669f8f2,165.154.5.173,Hong Kong
var/lib/cowrie/downloads/a8460f446be540410004b1a8db4083773fa46f7fe76fa84219c93daa1669f8f2,175.182.36.5,Taiwan
var/lib/cowrie/downloads/a8460f446be540410004b1a8db4083773fa46f7fe76fa84219c93daa1669f8f2,175.182.36.5,Taiwan
var/lib/cowrie/downloads/a8460f446be540410004b1a8db4083773fa46f7fe76fa84219c93daa1669f8f2,45.192.12.14,Seychelles
var/lib/cowrie/downloads/a8460f446be540410004b1a8db4083773fa46f7fe76fa84219c93daa1669f8f2,70.120.203.193,United States
var/lib/cowrie/downloads/a8460f446be540410004b1a8db4083773fa46f7fe76fa84219c93daa1669f8f2,162.19.243.145,France
var/lib/cowrie/downloads/a8460f446be540410004b1a8db4083773fa46f7fe76fa84219c93daa1669f8f2,183.91.11.36,Vietnam
var/lib/cowrie/downloads/a8460f446be540410004b1a8db4083773fa46f7fe76fa84219c93daa1669f8f2,70.120.203.193,United States
var/lib/cowrie/downloads/a8460f446be540410004b1a8db4083773fa46f7fe76fa84219c93daa1669f8f2,183.91.11.36,Vietnam
var/lib/cowrie/downloads/a8460f446be540410004b1a8db4083773fa46f7fe76fa84219c93daa1669f8f2,70.120.203.193,United States
var/lib/cowrie/downloads/a8460f446be540410004b1a8db4083773fa46f7fe76fa84219c93daa1669f8f2,70.120.203.193,United States
var/lib/cowrie/downloads/a8460f446be540410004b1a8db4083773fa46f7fe76fa84219c93daa1669f8f2,81.211.72.167,Russia
var/lib/cowrie/downloads/a8460f446be540410004b1a8db4083773fa46f7fe76fa84219c93daa1669f8f2,183.110.116.65,South Korea
var/lib/cowrie/downloads/a8460f446be540410004b1a8db4083773fa46f7fe76fa84219c93daa1669f8f2,81.211.72.167,Russia
var/lib/cowrie/downloads/a8460f446be540410004b1a8db4083773fa46f7fe76fa84219c93daa1669f8f2,183.91.11.36,Vietnam
var/lib/cowrie/downloads/a8460f446be540410004b1a8db4083773fa46f7fe76fa84219c93daa1669f8f2,183.110.116.65,South Korea
var/lib/cowrie/downloads/a8460f446be540410004b1a8db4083773fa46f7fe76fa84219c93daa1669f8f2,70.54.182.130,Canada
var/lib/cowrie/downloads/a8460f446be540410004b1a8db4083773fa46f7fe76fa84219c93daa1669f8f2,114.32.151.97,Taiwan
var/lib/cowrie/downloads/a8460f446be540410004b1a8db4083773fa46f7fe76fa84219c93daa1669f8f2,114.32.151.97,Taiwan
var/lib/cowrie/downloads/a8460f446be540410004b1a8db4083773fa46f7fe76fa84219c93daa1669f8f2,114.32.151.97,Taiwan
var/lib/cowrie/downloads/a8460f446be540410004b1a8db4083773fa46f7fe76fa84219c93daa1669f8f2,114.32.151.97,Taiwan
var/lib/cowrie/downloads/a8460f446be540410004b1a8db4083773fa46f7fe76fa84219c93daa1669f8f2,64.188.77.26,The Netherlands
var/lib/cowrie/downloads/a8460f446be540410004b1a8db4083773fa46f7fe76fa84219c93daa1669f8f2,172.172.196.177,United States
var/lib/cowrie/downloads/a8460f446be540410004b1a8db4083773fa46f7fe76fa84219c93daa1669f8f2,34.175.118.185,Spain
var/lib/cowrie/downloads/a8460f446be540410004b1a8db4083773fa46f7fe76fa84219c93daa1669f8f2,197.140.11.157,Algeria
var/lib/cowrie/downloads/a8460f446be540410004b1a8db4083773fa46f7fe76fa84219c93daa1669f8f2,195.211.99.18,United States
var/lib/cowrie/downloads/a8460f446be540410004b1a8db4083773fa46f7fe76fa84219c93daa1669f8f2,64.188.77.26,The Netherlands
var/lib/cowrie/downloads/a8460f446be540410004b1a8db4083773fa46f7fe76fa84219c93daa1669f8f2,64.188.77.26,The Netherlands
var/lib/cowrie/downloads/a8460f446be540410004b1a8db4083773fa46f7fe76fa84219c93daa1669f8f2,172.172.196.177,United States
var/lib/cowrie/downloads/a8460f446be540410004b1a8db4083773fa46f7fe76fa84219c93daa1669f8f2,172.172.196.177,United States
var/lib/cowrie/downloads/a8460f446be540410004b1a8db4083773fa46f7fe76fa84219c93daa1669f8f2,172.172.196.177,United States
var/lib/cowrie/downloads/a8460f446be540410004b1a8db4083773fa46f7fe76fa84219c93daa1669f8f2,64.188.77.26,The Netherlands
var/lib/cowrie/downloads/a8460f446be540410004b1a8db4083773fa46f7fe76fa84219c93daa1669f8f2,168.144.95.137,India
var/lib/cowrie/downloads/a8460f446be540410004b1a8db4083773fa46f7fe76fa84219c93daa1669f8f2,172.172.196.177,United States
var/lib/cowrie/downloads/a8460f446be540410004b1a8db4083773fa46f7fe76fa84219c93daa1669f8f2,49.229.102.187,Thailand
var/lib/cowrie/downloads/a8460f446be540410004b1a8db4083773fa46f7fe76fa84219c93daa1669f8f2,103.118.82.254,Indonesia
var/lib/cowrie/downloads/a8460f446be540410004b1a8db4083773fa46f7fe76fa84219c93daa1669f8f2,43.160.214.230,Singapore
var/lib/cowrie/downloads/a8460f446be540410004b1a8db4083773fa46f7fe76fa84219c93daa1669f8f2,79.143.188.82,France
var/lib/cowrie/downloads/a8460f446be540410004b1a8db4083773fa46f7fe76fa84219c93daa1669f8f2,138.124.85.214,Switzerland
var/lib/cowrie/downloads/a8460f446be540410004b1a8db4083773fa46f7fe76fa84219c93daa1669f8f2,138.124.85.214,Switzerland
var/lib/cowrie/downloads/a8460f446be540410004b1a8db4083773fa46f7fe76fa84219c93daa1669f8f2,185.113.139.51,Latvia
var/lib/cowrie/downloads/a8460f446be540410004b1a8db4083773fa46f7fe76fa84219c93daa1669f8f2,43.160.214.230,Singapore
var/lib/cowrie/downloads/a8460f446be540410004b1a8db4083773fa46f7fe76fa84219c93daa1669f8f2,79.143.188.82,France
var/lib/cowrie/downloads/a8460f446be540410004b1a8db4083773fa46f7fe76fa84219c93daa1669f8f2,101.79.23.38,South Korea
var/lib/cowrie/downloads/a8460f446be540410004b1a8db4083773fa46f7fe76fa84219c93daa1669f8f2,101.79.23.38,South Korea
var/lib/cowrie/downloads/a8460f446be540410004b1a8db4083773fa46f7fe76fa84219c93daa1669f8f2,103.118.82.254,Indonesia
var/lib/cowrie/downloads/a8460f446be540410004b1a8db4083773fa46f7fe76fa84219c93daa1669f8f2,79.143.188.82,France
var/lib/cowrie/downloads/a8460f446be540410004b1a8db4083773fa46f7fe76fa84219c93daa1669f8f2,79.143.188.82,France
var/lib/cowrie/downloads/a8460f446be540410004b1a8db4083773fa46f7fe76fa84219c93daa1669f8f2,4.240.82.91,India
var/lib/cowrie/downloads/01ba4719c80b6fe911b091a7c05124b64eeece964e09c058ef8f9805daca546b,4.240.82.91,India
var/lib/cowrie/downloads/a8460f446be540410004b1a8db4083773fa46f7fe76fa84219c93daa1669f8f2,64.188.83.244,Germany
var/lib/cowrie/downloads/a8460f446be540410004b1a8db4083773fa46f7fe76fa84219c93daa1669f8f2,64.188.83.244,Germany
var/lib/cowrie/downloads/a8460f446be540410004b1a8db4083773fa46f7fe76fa84219c93daa1669f8f2,61.28.144.154,Philippines
var/lib/cowrie/downloads/a8460f446be540410004b1a8db4083773fa46f7fe76fa84219c93daa1669f8f2,147.93.179.237,United States
var/lib/cowrie/downloads/a8460f446be540410004b1a8db4083773fa46f7fe76fa84219c93daa1669f8f2,147.93.179.237,United States
var/lib/cowrie/downloads/a8460f446be540410004b1a8db4083773fa46f7fe76fa84219c93daa1669f8f2,202.152.201.166,Indonesia
